id;nombre;created_by;created_date;last_modified_by;last_modified_date
1;Guapa Lithuanian;multiestado Blanco SMS;2023-03-01T21:50:17;withdrawal haptic withdrawal;2023-03-01T02:17:19
2;Senior;Bicicleta;2023-03-01T16:05:28;mano;2023-03-01T21:33:35
3;Buckinghamshire Muelle cross-platform;Inversor;2023-03-01T23:28:26;Solar index;2023-03-01T16:51:58
4;Increible New program;Morado;2023-03-01T18:37:18;bandwidth Artesanal connecting;2023-03-01T13:23:05
5;niches estatica SDD;Supervisor;2023-03-01T05:53:24;channels Deportes services;2023-03-01T08:02:31
6;Refinado Berkshire Oro;Algodón Cambridgeshire Oficial;2023-03-01T15:49:45;clicks-and-mortar;2023-03-01T14:39:23
7;withdrawal Cambridgeshire;bus Datos;2023-03-01T19:57:52;Checking Bolivia global;2023-03-01T13:19:13
8;Ladrillo;instalación;2023-03-01T11:21:48;Azul Corporativo;2023-03-01T18:03:53
9;supply-chains Account Rupee;Bloque productize;2023-03-01T02:36:34;CSS cultivate Borders;2023-03-01T15:46:47
10;Datos;pixel;2023-02-28T23:50:46;Adelante;2023-03-01T08:59:18
