id;descripcion;fecha
1;../fake-data/blob/hipster.txt;2023-02-26T18:23:48
2;../fake-data/blob/hipster.txt;2023-02-27T07:45:57
3;../fake-data/blob/hipster.txt;2023-02-27T06:59:22
4;../fake-data/blob/hipster.txt;2023-02-27T00:03:49
5;../fake-data/blob/hipster.txt;2023-02-26T23:36:06
6;../fake-data/blob/hipster.txt;2023-02-27T10:04:21
7;../fake-data/blob/hipster.txt;2023-02-27T01:57:55
8;../fake-data/blob/hipster.txt;2023-02-27T04:34:56
9;../fake-data/blob/hipster.txt;2023-02-26T13:33:22
10;../fake-data/blob/hipster.txt;2023-02-27T12:37:57
